{"cameraMode":{"drawMode":0,"name":"Shaded","section":"Shading Mode"},"sceneLighting":true,"audioPlay":false,"sceneViewState":{"m_AlwaysRefresh":false,"showFog":true,"showSkybox":true,"showFlares":true,"showImageEffects":true,"showParticleSystems":true,"showVisualEffectGraphs":true,"m_FxEnabled":true},"in2DMode":false,"pivot":{"x":0.8643016219139099,"y":0.005984170362353325,"z":1.338558316230774},"rotation":{"x":-0.24009603261947633,"y":-0.34104564785957339,"z":0.0905456468462944,"w":-0.9043627381324768},"size":2.2112252712249758,"orthographic":false}