{"cameraMode":{"drawMode":0,"name":"Shaded","section":"Shading Mode"},"sceneLighting":false,"audioPlay":false,"sceneViewState":{"m_AlwaysRefresh":false,"showFog":true,"showSkybox":false,"showFlares":true,"showImageEffects":true,"showParticleSystems":true,"showVisualEffectGraphs":true,"m_FxEnabled":true},"in2DMode":false,"pivot":{"x":0.5001237988471985,"y":0.2933870553970337,"z":-0.07173812389373779},"rotation":{"x":0.05903239548206329,"y":-0.8758059144020081,"z":0.11093977838754654,"w":0.4660302996635437},"size":1.5757733583450318,"orthographic":false}