{"cameraMode":{"drawMode":0,"name":"Shaded","section":"Shading Mode"},"sceneLighting":true,"audioPlay":false,"sceneViewState":{"m_AlwaysRefresh":false,"showFog":true,"showSkybox":true,"showFlares":true,"showImageEffects":true,"showParticleSystems":true,"showVisualEffectGraphs":true,"m_FxEnabled":true},"in2DMode":false,"pivot":{"x":-0.35379812121391299,"y":2.074702501296997,"z":1.9713170528411866},"rotation":{"x":-0.09594375640153885,"y":-0.5802070498466492,"z":0.06907874345779419,"w":-0.8058646321296692},"size":1.2290136814117432,"orthographic":true}